source,time,person,location,organization,miscellaneous
americablog,2005-01-01T00:00:00,james|ben nelson|kent conrad|robert c. byrd|bill nelson|james dobson|jeff bingaman|tom daschle|dobson|mark dayton,minnesota|north dakota|west virginia|florida|south dakota|nebraska|new mexico,the new york times|family|focus|u.s. senate|supreme court,democratic senators
americablog,2005-03-01T00:00:00,james d. guckert|tim russert|scottie|bill clinton|ronald reagan,web|arkansas,google|gop|secret service|starr report,internet
americablog,2005-05-01T00:00:00,traynham|robert l. traynham|pat buchanan|rick santorum,pa|little ricky|web,washington post|new media communications of ohio|social security|his web,hill|schiavo|gop
americablog,2005-05-01T00:00:00,saddam hussein|jeremy paxman|george bush|mr blair|blair,texas|crawford|iraq|bolton,cabinet office â€œ|attorney general|foreign office|bbc,british
americablog,2005-06-01T00:00:00,betty montgomery|kenneth blackwell|mike dewine|taft|noe|big deal|bob taft|jim petro|george bush|tom noe,toledo|ohio,bush pioneer|ohio republicans|toledo blade|gop,grand jury|coin-gate
americablog,2005-07-01T00:00:00,jesus,sudan|darfur|africa|britain,all bush,muslim
americablog,2005-07-01T00:00:00,david mccullough|ken burns|nathanael greene|like mccullough|hackett fischer|john adams|henry knox|david hackett fischer|harry truman|mccullough,panama canal|england|canada|reagan|brooklyn,pulitzer prize-winning|johnstown flood|â€œ washington â€™s crossing|declaration of independence|simon & schuster,british|quaker
americablog,2005-08-01T00:00:00,another bush,iran|iraq,while america seethes|shiites,iranians
americablog,2005-08-01T00:00:00,elizabeth ridenour|mark a. chancey|don â€™|chancey,dallas|bible|joshua|jews,southern methodist university|nasa|ii kings,christians
americablog,2005-09-01T00:00:00,jack cafferty|crooks,new orleans|watts|san francisco,wmv|liars,superdome
americablog,2005-09-01T00:00:00,man-made disaster|dumas|lloyd dumas,new orleans|uk|dallas|louisiana|iraq,department of homeland security|american society of civil engineers|newhouse news service|university of texas|why city â€™s defences were down|national guard,gulf
americablog,2005-10-01T00:00:00,karl rove|jack abramoff|â€ù miller|joseph wilson|patrick fitzgerald|saddam hussein|fitzgerald|libby|wilson|tom delay|randall samborn|rove|bill frist,iraq,senate majority|house majority leader,miller
americablog,2006-01-01T00:00:00,john apparently,nice|web,washington post|post|microsoft outlook|greeting card|microsoft,windows
americablog,2006-04-01T00:00:00,joe lieberman|nagourney|adam nagourney|senator joseph|lieberman,connecticut|iraq,times|new york times,domenech
americablog,2006-05-01T00:00:00,abraham lincoln|reid|bush â€™s|president bush,iraq,bush white house|mission accomplished â€ù,world war ii
americablog,2006-06-01T00:00:00,george|murtha|nancy pelosi|lieberman|george bush|sister souljah|condi|mr. maliki|nuri kamal,iraq,house and senate,dems|american-led
americablog,2006-06-01T00:00:00,harry reid|solomon|paul|ensign|john ensign|reid|john solomon,nevada|web,ap|tpm muckraker|reuters|tv|republican senator|associated press|commission,aids|internet|english
americablog,2006-07-01T00:00:00,peter king|king|a. m. rosenthal,vietnam war|pentagon papers|new york city|new york,pentagon|house homeland security committee|times|the times|nixon white house|the washington post|new york times|swift|via e & p,coulter|independence day|belgian
americablog,2006-07-01T00:00:00,bill frists,uk,british medical association|blair,english
americablog,2006-08-01T00:00:00,mel gibson|â€œ yes|gibson,ukraine,shit happens,jewish|second world war|jews
americablog,2006-09-01T00:00:00,eva washington|murtha|john murtha,d.c.|iraq,huffington post,marine
americablog,2006-09-01T00:00:00,bin laden|cyrus nowrasteh|nowrasteh|ron susskind,crawford,abc|presidential daily briefing|one percent doctrine|al qaeda â€œ|think progress|cia|bin ladin determined|â€œ all,commission report
americablog,2006-09-01T00:00:00,harry reid|rahm emanuel|vice president cheney|secretary rumsfeld|president bush|peter rodman,iraq,pentagon|the pentagon|associated press|new york times,islamic
americablog,2006-09-01T00:00:00,genoa township|bob shamansky|shays|rumsfeld|congressman shays|tiberi,pentagon|rummy|iraq|ct,bexley democrat|defense donald h. rumsfeld|gop,dispatch
americablog,2006-09-01T00:00:00,al qaeda|â€œ everyone,darfur|palestinian|kosovo|lebanon|iraq,shiite|united iraqi alliance|communism|new york times|hamas|hezbollah,islamic
americablog,2006-10-01T00:00:00,morton â€™s|jeff trandahl|foley|morton|john [|trandahl|shimkus|mr. shimkus|clearly foley|mark foley|john eunice,florida,yet shimkus|gop house|page board|clerk|abc news|c-span|gop|bmw|house denny hastert|page class,members
americablog,2006-10-01T00:00:00,henry a. kissinger|daniel benjamin|joseph r. biden|mike dewine|michael scheuer|christopher j. dodd|bartlett|pervez musharraf|dan bartlett|lawrence wright|richard g. lugar|john p. murtha|murtha|zalmay khalilzad|sherrod brown|donald hall|zbigniew brzezinski|newt gingrich|jane harman,foley|iraq,ohio senate|cbs|fox|nbc|nie|cia â€™s|cnn|state of denial,pakistani
americablog,2007-01-01T00:00:00,saddam hussein|sunni|nouri al-maliki|muqtada al-sadr|muqtada|saddam,sunnis|shiia|golden dome|samara|iraq,sunni arabs|â€œ muqtada,shiite
americablog,2007-02-01T00:00:00,kevin drum|senator obama,aren|iraq,bush administration,iraqis
americablog,2007-02-01T00:00:00,chuck schumer|john edwards|gay agenda,web,marry week|freedom|planned parenthood|reuters|circuit city|xml|new york times|human rights campaign|cnn|american way,xml-feed|americablog
americablog,2007-02-01T00:00:00,pelosi|christian|morse|phillip morse|nancy pelosi|the hill|speaker pelosi,iraq,lower west terrace|â€œ you|family research council|frc|architect of the capitol|us capitol|chief of police|u.s. capitol capitol chief of police|american family association|capitol police|first amendment|police|afa|capitol,anti-bush
americablog,2007-03-01T00:00:00,kiley|kevin c. kiley|kevin kiley|walter reed|beverly young|bill young,iraq,army|army medical command|walter reed army medical center|the army|washington post|u.s. army medical command|the washington post,gop
americablog,2007-04-01T00:00:00,faye turney|terry jones|monty python,iran,c & l|uk marines,iranians|british
americablog,2007-04-01T00:00:00,charles rangel|arlen specter|y. _|dianne feinstein|kevin martin|kit bond|patrick leahy|richard haass|joe biden|dick durbin|cal ripken|bartlett|dan bartlett|tommy thompson|al sharpton|charles schumer|orrin hatch|mitch mcconnell,wisconsin,nation â€ù _|this week|nbc â€™s|cbs â€™|fox news sunday â€ù|federal communications commission|foreign relations|baltimore orioles|council|d-n|late edition â€ù|cnn,press â€ù|u.s. attorneys
americablog,2007-05-01T00:00:00,chris matthews|abraham lincoln|bush â€™s,baghdad|iraq,pentagon|state department|msnbc,mission accomplished|mission accomplished â€ù
americablog,2007-06-01T00:00:00,jon soltz,olbermann|iraq,vote vets,lieberman
americablog,2007-06-01T00:00:00,edward m. kennedy|hillary rodham clinton|heather poe|mitch mcconnell|mary|christopher dodd|barack obama|mary cheney,labor|illinois|connecticut|new york|education,u.s. senate committee|surgeon general|and hillary|university of louisville|has bush|heather,holsinger
americablog,2007-06-01T00:00:00,paul nagy|miers|christine todd whitman|olympia snowe|tom edsall|harriet miers|pat buchanan|nagy|rudy giuliani|giuliani|john kerry,new hampshire,swift boat veterans|gop|huff post|u.s. supreme court,catholics|anti-rudy
americablog,2007-07-01T00:00:00,martha raddatz|lieberman,iraq,abc|bush white house,dems|israeli
americablog,2007-07-01T00:00:00,joe lieberman|richard lugar|dick cheney|peter king|lanny davis|michael gallagher|mark green|patrick leahy|lieberman|zbigniew brzezinski|michael chertoff|henry kissinger|ben ginsberg|james clyburn|chertoff,iraq,republican national committee|late edition|nation â€ù|cbs|this week|nbc|fox news sunday|â€“ homeland security|air america radio|out-of-control u.s attorneys|cnn,repubs|press â€ù
americablog,2007-07-01T00:00:00,blair,uk|europe|middle east,uk muslims,muslim|â€œ
americablog,2007-08-01T00:00:00,jennifer brunner|kenneth blackwell|ken blackwell|brunner|election day,columbus|ohio,ohio secretary of state|u.s. district court|secretary of state|state,african-american|african-americans
americablog,2007-08-01T00:00:00,kevin bergner,iraq,government accountability office|keystone kops|â€œ mission,sunni|us-led
americablog,2007-08-01T00:00:00,shia,pakistan|afghanistan|iraq,musharraf â€™s|president musharraf,qaeda|pakistani|afghan|iraqis
americablog,2007-08-01T00:00:00,mitt romney|pastor rude|sam brownback|brownback|mike huckabee|huckabee,iowa|windsor heights|kansas|arkansas,governor|pastor tim rude of walnut creek community church,catholic|christian|roman catholicism|catholic league|catholics|roman catholic
americablog,2007-08-01T00:00:00,bill oâ€™reilly|rosie oâ€™donnell|hillary clinton|gabriella molteni|de ]|biden|joe biden|joseph biden,north america,daily kos|islam|us capitol|democratic party|bmw|nj|home depot|chestnut ridge rd. woodcliff lake,dailykos|yearlykos|muslim-americans
americablog,2007-09-01T00:00:00,george w. bush,iraq,u.s. congress,yazidi
americablog,2007-09-01T00:00:00,bill sali|david vitter|craig|larry craig,idaho,governor,eastern
americablog,2007-09-01T00:00:00,robin hayes|linda daves|privette|coy privette|david vitter|robin â€œ flipper|party|daves|coy c. privette|coy,blue nc|north carolina,hayes|nc|bff|cabarrus county|gop|republican party|nc gop|the christian action league,hill|christian action league
americablog,2007-09-01T00:00:00,lady astor|barney frank|craig|larry craig,idaho|free republic|texas,lawrence|redeemer|senator|supreme court,victorians|victorian
americablog,2007-09-01T00:00:00,carl sandburg|larry craig,d.c.|chicago,that â€™s mountain|idaho statesman,marine corps marathon
americablog,2007-10-01T00:00:00,blackwater,iraq,state department|north carolina-based blackwater|dyncorp|blackwater usa|iraqi vice president|triple canopy,blackwater rent-a-cops|iraqis|blackwater â€™s
americablog,2007-10-01T00:00:00,james c. dobson|rudy|richard a. viguerie|tony perkins,salt lake city,council for national policy|family research council|family|gop|focus|rudolph w. giuliani|republican party,christians|christian
americablog,2007-11-01T00:00:00,alex|alexandre robert|bastille day,persian gulf|dubai,new york times,middle eastern|europeans|french|emirati
americablog,2007-12-01T00:00:00,thatcher|reagan|tom|blair,uk|london|iraq|britain,falklands war and reagan|blair and bush|brits,british
americablog,2007-12-01T00:00:00,yard montgomery|neal,paris|uk|st. pancras|europe|london|cheddar|france,eurostar|london eurostar,british|victorian
americablog,2008-01-01T00:00:00,mitt romney|gee|george bush|huckabee,iraq,america â€™s,eastasia
americablog,2008-01-01T00:00:00,dennis kucinich|barack obama,iowa|ohio,democratic presidential,new year
americablog,2008-01-01T00:00:00,stephen hess|hess|mike huckabee|huckabee,iowa|christ|arkansas,reuters|southern baptist|associated press|brookings institution,catholics|jews
americablog,2008-01-01T00:00:00,karl rove|nancy pelosi,pelosi|dems|iraq,san francisco democrat|republican white house|reid,joe
americablog,2008-02-01T00:00:00,hillary clinton|harold ickes,new york,reuters,super tuesday
americablog,2008-02-01T00:00:00,louise â€ù|len nichols|nichols|howard wolfson|neera tanden|ben,illinois|skokie,â€œ harry|harry|louise|clinton campaign,nazis|nazi|new america|politico
americablog,2008-03-01T00:00:00,hagee|agee|cornerstone church,san antonio,cornerstone|east side|express-news|wall street journal,anti-catholic|nexis
americablog,2008-04-01T00:00:00,ken rudd|john mccain|nouri al-maliki|george bush|is sadr|sadr|moqtada,baghdad|basra|iraq,his [ sadr|mahdi army|how moqtada al-sadr won|time magazine,british|australian|anti-american|iraqis
americablog,2008-05-01T00:00:00,parrish|cindy|john mccain|the real mccain|joe biden|cliff schecter|marty parrish,des moines,huff post|secret service|clive,christians|dem
americablog,2008-05-01T00:00:00,wright|ben smith|george stephanopolous|george|jed|calderone|stephanopoulos|george stephanopoulos,indiana,â€œ gibson,swift boat
americablog,2008-06-01T00:00:00,ben smith|george|dee dee myers|bill clinton|george stephanopoulos|dee dee,joe,abc|clintons â€™|vanity fair,clintons
americablog,2008-06-01T00:00:00,joe lieberman|mandy grunwald|hillary â€™s|john mccain|howard wolfson|dick morris|george bush|terry mcauliffe|harold ickes,michigan|florida,roe v. wade|supreme court,anti-hillary
americablog,2008-06-01T00:00:00,mandy grunwald|scott mcclellan|david bonior|mark sanford|ickes|â€” mcauliffe|brendan sullivan|hilary rosen|hillary rodham clinton|terry mcauliffe|chris dodd|harold ickes|ed rendell|george stephanopoulos|leslie sanchez|bill nelson|team clinton|jamal simmons|john mccain|claire mccaskill|howard wolfson|like bush|bonior|tom daschle,iraq,late edition|this week|abc|nbc â€™s|cbs â€™|fox news|nation â€ù â€”|cnn,press|russert
americablog,2008-07-01T00:00:00,â€ù obama,illinois|san francisco,pride breakfast|california constitution|alice b. toklas lgbt democratic club|sac bee,u.s. constitution
americablog,2008-08-01T00:00:00,paris hilton|ken goldstein|john mccain|shanto iyengar|dan schnur|barack obama|britney spears,paris|britney|arizona|berlin|madison,stanford university|university of wisconsin,european
americablog,2008-08-01T00:00:00,joelle â€™s,chris,nasdaq|joelle,sushi
americablog,2008-08-01T00:00:00,chris,europe|france|web|spain,tv,internet
americablog,2008-09-01T00:00:00,sarah palin|senator hollis|john mccain,ohio|arizona|alaska,special counsel steve|anchorage daily news|pta,french
americablog,2008-09-01T00:00:00,bill schuster,minneapolis,abc|hookers and blow,house gop
americablog,2008-10-01T00:00:00,sarah palin,alaska,human rights campaign,wasilla
americablog,2008-10-01T00:00:00,sarah palin,alaska,human rights campaign,wasilla
americablog,2008-10-01T00:00:00,jeremiah wright|john mccain|ayers|election day|barack obama|jonathan martin,ohio|florida|pennsylvania|chicago,gop|the gop|west,muslim
americablog,2008-11-01T00:00:00,sarah palin|julian zelizer,lakeville|minn.|new hampshire,princeton university,arab
americablog,2008-12-01T00:00:00,sean penn|walter cronkite|chris,paris,â€œ milk|bay area,milk
americablog,2008-12-01T00:00:00,mark halperin|rush limbaugh|jason linkins|jed lewison|halperin|hannity|jed|sean hannity|keith olbermann,iraq,nyt|rush / drudge|new york times|time magazine|â€œ land of lincolner,pro-obama
americablog,2008-12-01T00:00:00,david schneider|bill clinton,california|wall street,paris welch|washington mutual|associated press|gop,ponzi
americablog,2009-01-01T00:00:00,pell|claiborne pell,r.i.|catholic|newport,senate foreign relations committee|foreign service|national endowment for the arts and humanities|rhode island democrat,pre-ronald reagan
americablog,2009-01-01T00:00:00,george bush,helmand|afghanistan|iraq,taliban|reuters,afghan
americablog,2009-02-01T00:00:00,luca zaia|zaia|silvio berlusconi,milan|lombardy|peru|lucca|veneto|italy|china,minister of agriculture|northern league,italian|italians|chinese
americablog,2009-02-01T00:00:00,john boehner|sarah palin|jane bryant quinn|broder|frank rich|rich|john mccain|david broder|eric cantor,ohio|web|virginia|wall street,votes obama truly needs|g.o.p.|katrina|house republicans|republican congressional|markos moulitsas zÃºniga,hill|no â€™
americablog,2009-02-01T00:00:00,mandelson|angela merkel|new labour|gordon brown|marshall plan|medvedev|merkel|lord|tony blair|peter mandelson,hungary|brazil|uk|russia|europe|nice|france|wall street|spain,â€œ sir|eu|societe generale|lula,european|british|german|french
americablog,2009-03-01T00:00:00,paul ryan|this week|rush|stephen harper|robert gates|martin wolf|george s.|kim jong-il|mike mullen|eric cantor|peter orszag|jon kyl|rahm emanuel|limbaugh|fareed zakaria,canada|afghanistan|iraq,abc|nation â€ù|press|financial times|fox news sunday â€ù _ joint chiefs|cnn|staff chairman|union â€ù â€” joint chiefs|cbs â€™|nbc â€™s|gop|house republican whip|office of management,repubs|islam|ap|islamic
americablog,2009-03-01T00:00:00,madikizela-mandela|kgalema motlanthe|winnie madikizela-mandela|nelson mandela|baleka mbete|trevor manuel|jacob zuma,south africa|winnie mandela,african national congress|us nixon|anc,mandela|south african
americablog,2009-05-01T00:00:00,dan savage|rex wockner|greta ?,california,mensa|national organization for marriage,miss c|miss california|miss
americablog,2009-06-01T00:00:00,michael moore,mexico,maginot line,romans|german|french|japanese
americablog,2009-07-01T00:00:00,malden|karl malden|omar bradley,gary|patton|ind.,academy of motion picture arts & sciences,brentwood|academy award-winning|brando|serbian|czech
americablog,2009-07-01T00:00:00,maria belen chapur|mark sanford|harvey peeler|martin|sanford|larry martin,new york|south carolina,general assembly|senate republican caucus|senate republicans|associated press|state â€ù|senate rules,argentinian|state
americablog,2009-08-01T00:00:00,via haartez|eytan fox|nitzan horowitz,israel|tel aviv,nahmani street|jagger â€ù|â€œ yossi,bubble|israeli|haâ€™agudah
americablog,2009-08-01T00:00:00,jonathan campos|provost|campos|august provost,houston|lancaster|camp pendleton,navy,u.s. navy
americablog,2009-08-01T00:00:00,richard malone|silk|justin phillips|robbie jones|carlos|jeffrey lax|mark silk|b.f. carlos,maine|columbia|toronto|california|new york,rhode island|â€™s washington post,catholics|trinity|american political science review
americablog,2009-11-01T00:00:00,pat|arlen specter|limbaugh|rush limbaugh|robert casey|hamid karzai|pat buchanan|beck|snowe,afghanistan|pennsylvania,st. louis rams|â€œ star wars|wind â€ù|red state,nixon
americablog,2009-12-01T00:00:00,karzai|roosevelt|qaeda|walter reed|god bless|hamid karzai|osama bin laden|barack obama,amman|guantanamo bay|karachi|south waziristan|yemen|pakistan|dover|president eisenhower|bali|islamabad|west point|somalia|afghanistan|governors|vietnam|iraq|soviet union|london|franklin roosevelt|cadets|earth|west|swat,pakistanunited states military academy|taliban|deliverythe way forward|peace corps|taliban â€™s|security forces|afghan security forces|un|nato|great depression|muslim world|general mcchrystal â€“|taliban â€“|north atlantic treaty organization invoked article|international security assistance force|united nations security council|pakistani army|united nations|world bank,afghans|pakistanis|pakistani|afghan|soviet|iraqis
americablog,2010-01-01T00:00:00,elizabeth murchison,tasmania,australian national university,tasmanian
americablog,2010-01-01T00:00:00,camping,seventeen,heaven,christ
americablog,2010-02-01T00:00:00,ask don|secretary gates|don â€™|phyllis schafly|george casey|barack obama,army|pentagon|the pentagon|iraq,state of the union|doma|dod|enda|ofa|dadt,hill
americablog,2010-04-01T00:00:00,geoffrey palmer,japan|new zealand,international whaling commission,japanese
americablog,2010-04-01T00:00:00,vaughn walker|george w. bush|walker,san francisco,al-haramain islamic foundation,islamic
americablog,2010-04-01T00:00:00,marisa mcnee,california|palo alto,gunn high school,phelps
americablog,2010-05-01T00:00:00,maxim,amsterdam|romania,â€œ apocalypse,romanian|dutch
americablog,2010-05-01T00:00:00,messina|chairman|robert gates|jim messina|winnie stachelberg|gates|mike mullen|joe solmonese|ike skelton|don â€™|solmonese,hrc|dadt,military readiness enhancement act|commander-in-chief|secretary|joint chiefs of staff admiral|center|senate armed services committee|pentagon|state of the union|american progress|pentagon working group|center for american progress|secretary of defense|the president|department of defense authorization|jehovah â€™s witness|house armed services committee|human rights campaign,national defense authorization|common purpose
americablog,2010-05-01T00:00:00,robert rubin|jacob weisberg|hamilton project|weisberg|dan froomkin|rubin|chris dodd,wall street,washington post co.|citigroup|center for american progress|citigroup â€”,huffington post
americablog,2010-06-01T00:00:00,roy halladay|paul|â€™s obama|rand paul,russia|kentucky,meet the press|nbc â€™s|gop senate|nbc news|gop|sestak|civil rights act,british|un-american|anti-american
americablog,2010-06-01T00:00:00,li daokui,china,tsinghua university,chinese
americablog,2010-06-01T00:00:00,kirk|brian beutler|mark kirk,afghanistan|navy,gop|u.s. senate,operation iraqi freedom
americablog,2010-07-01T00:00:00,louise|dermot ahern,ireland|dublin|county galway|catholic ireland,bill|papal encyclicals|irish supreme court justices|civil partnership bill|irish parliament|the bill|university college galway,catholic|dÃ¡il|irish|bishops
americablog,2010-07-01T00:00:00,nelson mandela|george bush|bill clinton|blair|tony blair,gaza|northern ireland|philadelphia|iraq|middle east,national constitution centre|liberty medal,israeli
americablog,2010-07-01T00:00:00,esman|wheelan|marjorie esman|andrew wheelan|mother jones|lafourche parish,louisiana,terrebonne parish sheriff â€™s office|bp|first amendment|the aclu|pdf|aclu,u.s. constitution
americablog,2010-07-01T00:00:00,pam spaulding|kerry eleveld|jen colletta|lisa keen|jim messina|pam|paul schindler|rahm emanuel|jillian weiss|melody barnes|don â€™|chris geidner|barnes|[ hill,bilerico|roosevelt room|washington blade|capitol hill|advocate|the president|west wing,department of war suite|dadt|lgbt|ca prop|gay city news|doma|lou chibarro|hate crimes|old executive office building|enda|keen news service|philadelphia gay news,defense|petey
americablog,2010-08-01T00:00:00,paul krugman|taka ito|robert mcteer,japan,forbes|financial times|federal reserve|bureau of economic analysis,japanese
americablog,2010-09-01T00:00:00,horton|â€œ obama|david kris|steven kim|david woo|scott horton|marty lederman|ruth wedgwood|george w. bush|kris|lederman,north korea,nsa|no comment|fox news|bush justice|obama doj|fisa|foreign intelligence surveillance act|state dept.|usa patriot act|time warner|patriot act|bush doj|associate deputy attorney general|doj,north korean|embed
americablog,2010-09-01T00:00:00,sarah palin|wright state|glenn beck|state|chase|beck|erick,ohio|new left|dayton|web|right state,daily caller|whiteside|new left media|teabaggers,teabagger
americablog,2010-10-01T00:00:00,john boehner|kerry eleveld|barack obama,wis.|advocate|madison,gop,dems
americablog,2010-11-01T00:00:00,simon johnson|karl rove|larry summers|nouriel roubini|joseph stiglitz|elizabeth warren|paul krugman|tim geithner|hank paulson|christina romer|newt gingrich|robert kuttner,japan|huffington post|wall street,congressional oversight panel,roosevelt
americablog,2010-12-01T00:00:00,elijah wood|daphne guinness|serena williams|jay sean|alicia keys|keys|lady gaga|p. diddy|bronson pelletier|ryan seacrest|khloe kardashian|jennifer hudson|kim kardashian|justin timberlake|usher|janelle monae|david lachapelle|david robinson|tim rondeau|kimberly cole|swizz beatz,dallas|india|africa,aids|the buried life,world aids day|world aids
americablog,2010-12-01T00:00:00,joe klein|klein,pakistan|afghanistan|yemen|iraq,interpol|u.s. government|â€œ assange|wikileaks,afghans|government
americablog,2011-01-01T00:00:00,years eve|chicken littles|eve|gay|don â€™|amos,oklahoma|dallas|texas,ask don|general amos|grill|jr|university of oklahoma|jr â€™s bar,u.s. constitution|native american
americablog,2011-02-01T00:00:00,hilton|david bahati|getequal|david kato|michael dixon|brenda namigadde,uganda|uk|connecticut avenue|judiciary,national gay and lesbian task force|breakfast|breakfast without bigotry|gays|â€œ kill|lgbt|family â€ù|family â€™|soulforce|supreme court justices|bigotry|unitarian universalist association|washington hilton|washington hilton hotel|republican members|national prayer breakfast,family|ugandan
americablog,2011-02-01T00:00:00,nate silver|mubarak,egypt,the president,egyptians
americablog,2011-02-01T00:00:00,evan wolfson|darlene maffett|evan|cindy|valerie williams|gay|darlene|bob barr|luke|bill clinton,jacksonville|st. luke|florida|fla.|massachusetts,freedom|golden rule|williams institute|new york times|maffetts|social security|department of justice|williams â€™ and maffetts|huffington post|doma|valerie|â€œ defense of marriage act|marry,african americans|south
americablog,2011-03-01T00:00:00,george h.w. bush|pusey minister|peter j. gomes|gomes|alan colmes,memorial church|massachusetts,plummer professor of christian morals|harvard university|presidents reagan|harvard,new yorker|american life|nyt|bible|english
americablog,2011-03-01T00:00:00,mike huckabee|now huck|huckabee,indonesia|kenya,gop|daily dish,kenyan
americablog,2011-03-01T00:00:00,mike huckabee|huckabee|obviously obama|steve malzberg show,indonesia|kenya,obama â€™s|mau mau revolution|fox news|the right,british|birther|kenyan|brits
americablog,2011-03-01T00:00:00,sarah palin|jerry springer-ization|bristol palin|william morrow|murphy brown|morrow,alaska|gop,not afraid of life|bristol|harpercollins,stars
americablog,2011-03-01T00:00:00,steve|mike huckabee|huckabee|obviously obama|steve malzberg show,huckabirtherism|kenya,mau mau revolution|fox news,british|birther|clintons|kenyan|brits
americablog,2011-04-01T00:00:00,james|kristina schake|greenwald|josef mengele|mitchell|michelle obama|larry james|jim l. h. cox|larry â€œ gitmo|glenn|glenn greenwald,guantÃ¡namo bsct|ohio|abu ghraib|texas|louisiana|guantanamo|gitmo,task force|the council|apa council of representatives|psychological well-being of the military family|the board of examiners of psychologists|school of professional psychology|cia|wright state university|chief psychologist of guantanamo|harvard law school human rights program|new york times|texas state board of psychologists|apa|truthout|dean|hippocratic oath|first lady â€™s|american psychological association|chief psychologist,auschwitz|bush-era
americablog,2011-04-01T00:00:00,your highness,usa,blue texan|bureau of labor statistics|governancemetrics international|usa today,galtian
americablog,2011-05-01T00:00:00,osama|mission accomplished|bin laden|george bush|flynt l. leverett|leon panetta|leverett|osama bin laden,pentagon|pakistan|tora bora|afghanistan|pennsylvania|shanksville|iraq|abbottabad|middle east,justice|taliban|islam|yet osama|twin towers|cia|live chat|cnn|national security council,qaeda|pakistani|afghan|flight 93
americablog,2011-05-01T00:00:00,â€œ you|donald trump|trump,n.j.|taj mahal|atlantic city|new jersey,trump hotels & casino resorts|trump entertainment resorts inc.|â€œ bush,midas
americablog,2011-05-01T00:00:00,cockburn|grant|glenn mulcaire|andy coulson|cameron|rupert murdoch|bruce page|alexander cockburn|peter ] burden|murdoch|clive goodman|paul mcmullan|rupert|rebekah brooks|james murdoch|ian edmondson|david cameron|coulson|james|goodman|gordon brown|les hinton|steven barnett|david|hugh grant,uk|britain,news corp. remember|dow jones and company ]|news corp.|news international|level|the nation|competition commission|bskyb,britons|world â€™s|world
americablog,2011-05-01T00:00:00,moussa ibrahim|muammar gaddafi|gaddafi|al-arab gaddafi,tripoli,nato,libyan
americablog,2011-06-01T00:00:00,john mccain|alex massie,uk,palin inc,troll
americablog,2011-06-01T00:00:00,paul krugman|jackie gleason,chinatown|war|san fernando valley,great depression|model-t ford|standard & poor|two jakes|ny times,american dream|model-t|post-war|honeymooners
americablog,2011-06-01T00:00:00,wolf|martin|krugman|martin wolf|paul krugman|hans-werner sinn,munich|europe|ireland|greece|germany|portugal|spain,ifo institute for economic research|financial times|european system of central banks|escb,update|new drachmas|european|greek|bundesbank|german|irish|gp
americablog,2011-07-01T00:00:00,green square|green|gadhafi,libya|europe|tripoli|lockerbie,international criminal court|nato,libyan
americablog,2011-07-01T00:00:00,harry reid|chuck muth|muth,las vegas|nevada|new york|hawaii,new york state legislature|gopers|gop|via the strip podcast,sharron angle-richard ziser
americablog,2011-08-01T00:00:00,kleinedler|steve|steve â€™s|andrew harmon|peter dubuque|steve kleinedler,massachusetts,american heritage dictionary,advocate
americablog,2011-09-01T00:00:00,matt taibbi|flexner|tom miller|schiller|taibbi|al gore|sachs|boies|goldman|robert silver|matt â€™s|david boies|morgan chase|donald flexner|eric schneiderman|miller|schneiderman,iowa|state politics|new york,national institute of money|washington post|attorney general|raise campaign money|isn â€™|bank of america,australian
americablog,2011-10-01T00:00:00,george w. bush|gore vidal|matt stoller|jonathan turley|candidate obama|truman â€ù|anwar al-awlaki|turley,nuremberg,tea party|democratic party|Â |progressive party,world war ii|truman-created
americablog,2011-11-01T00:00:00,paul krugman,europe|france|italy,and â€_ next|nyt|â€œ eurodÃ_mmerung â€ù,italian
americablog,2011-12-01T00:00:00,bachmann|michelle bachmann,tehran|iowa|iran|waverly,iranian hostage crisis|tea party|u.k.|foreign ministry,british
americablog,2011-12-01T00:00:00,â€ù mom,england|uk|canada|california|christmas|colorado|united kingdom,military veteran|defense of marriage act,british|californian
americablog,2012-01-01T00:00:00,john paulson|matt taibbi|via alternet|darcy burner|daddy warbucks|taibbi|don â€™|ilya sheyman|rolling stone|stevie cohen,wall street,too big|systemically dangerous institutions|high frequency trading|happy new year|new year|gramm-leach-bliley act|tabloid saint|fail|tabloid demon|occupy movement|occupy|new year â€™s resolutions,â€œ yes
americablog,2012-01-01T00:00:00,mitt romney|don â€™,iowa,dream act|le mars|gop,latino
americablog,2012-01-01T00:00:00,reliable sources|eve|howie kurtz,ork|panama|iowa|greece|chicago,cnn,mork
americablog,2012-02-01T00:00:00,mcchrystal|michael hastings|stanley mcchrystal|nate silver|stan|pacific time|silver|joe biden|big stan|hastings|rolling stone,europe|afghanistan|majority,gen. patraeus â€”|majority report|truman & macarthur|terrifying inside story of america â€™s war|the wild,general social survey
americablog,2012-03-01T00:00:00,walter dalton|gay|michelle obama|tom jensen|kathleen sebelius|michael munger|kay hagan,charlotte|north carolina,myers park baptist|naacp|nc|carolina review|libertarian party of north carolina|new ground|protect all nc families,ballot|amendment one
americablog,2012-04-01T00:00:00,knockout roses|charlie brown christmasy|jack prager|chris,chicago,home depot,japanese
americablog,2012-04-01T00:00:00,mitt romney|david javerbaum|javerbaum|newt gingrich,tiffany,schrÃ¶dinger â€™s bush|tea party|solyndra|schrÃ¶dinger â€™s cat|â€œ schrÃ¶dinger â€™s|grey lady|new york times|internet,super pacs
americablog,2012-05-01T00:00:00,richard devos|adelson|devos|rick perlstein|sheldon adelson|walker|newt gingrich|rick santorum|scott walker,wisconsin,milwaukee|political carnival|racine county|hendricks|movement conservative ball|money|milwaukee journal sentinal|amway|monster mash|las vegas sands,future
americablog,2012-06-01T00:00:00,big oil|andrew su,singapore|middle east,compass global markets,gmt
americablog,2012-06-01T00:00:00,jay townsend|tom â€ù|lilly ledbetter|nan hayworth|townsend,gop|new york,tom,war
americablog,2012-07-01T00:00:00,mÃ_ller|aziz osmanoglu|alexander mÃ_ller,zurich,tages anzeiger ( daily news,muslim|swiss
americablog,2012-07-01T00:00:00,digby|hazlitt|william hazlitt,borg,lincoln â€™s cooper union,english
americablog,2012-08-01T00:00:00,maureen dowd|rick gorka|david muir,pilsudski square,abc news,english|polish
americablog,2012-08-01T00:00:00,tillerson|rex tillerson|greene|jeff greene|paul krugman|jack welsh|publius tags|bain|rolling stone|mckibben|bill mckibben|carly fiorina|naomi klein,wall street|arctic|earth,ceo|tea party|â–  elite|north haven peninsula|oil can henry|exxon|boards of directors|oil barons|exxonmobil,sag harbor|post-reagan
americablog,2012-10-01T00:00:00,gay america|emmett c. burns|chris kluwe|brendon ayanbadejo,minnesota|maryland|web|israel,first amendment|star tribune|nfl|adam & eve|ed show,greek|ravens
americablog,2012-10-01T00:00:00,jerry brown,northern california|california|gaylesta,equality california|lord â€ù|lambda legal|national center for lesbian rights|shutterstock|senate bill|nclr|mental health america of|courage campaign|lgbt,lord
americablog,2012-10-01T00:00:00,â€ù limbaugh|patrick cox|david furnish|david|laura|ann coulter|everett|rupert everett,ohio,â€_ first,british
americablog,2012-10-01T00:00:00,mitt romney|sarah jones|stan greenberg|colmes|butterfass|alan colmes|wayne butterfass,ohio|cincinnati,columbus dispatch|republican party|let detroit go bankrupt,republican national convention
americablog,2012-11-01T00:00:00,sanders|david koch|â€ù obama|medicare|daddy koch|publius tags|open rebellion|social security|barack obama,medicaid,des moines register|our betters|no cuts â€”|no cuts|huffington post|bush â€“ obama tax cuts|yahoo news,krugman|grand bargain|rubinesque|dem
americablog,2012-11-01T00:00:00,al sharpton|governor oâ€™malley|gay|ken mehlman|martin oâ€™malley|marylanders united|frank schubert,columbia|maryland,washington post|Â  maryland general assembly|baltimore sun Â |question|Â  question|national organization for marriage|nom,african american|catholic
americablog,2012-12-01T00:00:00,notre dame|Â  music|buddy guy,maryland|virginia|nebraska|luxembourg|north carolina,big ten|georgia tech,british|midwest
americablog,2013-02-01T00:00:00,andrew|aaron schock|ed koch|michael musto|gay|andrew sullivan|koch|rex wockner|ken mehlman|lindsey graham|larry kramer,manhattan,aids|gop|san francisco,democratic senator
americablog,2013-02-01T00:00:00,paul ryan|fox|fox news|ray rayner|rogers|gets better,chicago|captain,tv|walmart,captain kangaroo
americablog,2013-02-01T00:00:00,george osborne|elizabeth warren,uk|atlantic,financial services authority|royal bank of scotland|libor|rbs,libor-rigging|libar-rigging|british
americablog,2013-03-01T00:00:00,josef goebbels|cuomo|obama hitler|matt drudge|david keened|wayne lapierre|goebbels|james yeager|andrew cuomo|ted nugent|lapierre|hitler|scheme|don â€™|adolf hitler|joseph goebbels|keene,rambo|albany|ger|nazi germany|tennessee|nazi|web|germany|berlin|new york|soviet union,nra|jewish books destruction day|sandy hook elementary|adl|pages|second amendment|new york daily news|light weapons destruction day|destroy|tea party|u.n. & obama â€™s scheme|united nations small arms|america disarmed|vÃ¶lkischer beobachter|populist observer|u.n.|ceo of tactical response|hegel platz,nazi ger|jewish|un-german|euro-style|german|holocaust|war|opera platz|nazi german|holo|jews
americablog,2013-03-01T00:00:00,matt gibson|medicare,gop|wall street,social security,reagan|medicaid
americablog,2013-03-01T00:00:00,john boehner|munoz|sessions|arreaga garcia|latinos|goodlatte|jeff sessions|u-turn|bob goodlatte|nora munoz,n.y.|queens|virginia|new york|alabama,werner arreaga garcia|hudson county|ice|house judiciary committee|national immigration forum|immigration and customs enforcement,guatemalan
americablog,2013-03-01T00:00:00,ratzinger|toibin|george clooney|andrew|holy daddy|georg gÃ_nswein|angelo quattrochi|oâ€™clock mass|benedict|Â  gay|melrose place|andrew sullivan|rachel maddow|his holynesss|colm toibin|rachel|hugh grant|maddow,gÃ_nswein|vatican,pope emeritus|his yummy-ness|so benedict|â€˜ second loggia|holy father|pope â€™s|pope gay,new roommate tags|pope
americablog,2013-04-01T00:00:00,â€œ god|andrew walker|ryan anderson|anderson|mr. cooper|megyn kenny|caitlin seery|bill oâ€™reilly|george|your honor|adam|andrew t. walker|eric teetsel|girgis|Â  well,europe|shutterstock|male,shutterstock first|shutterstock you|heritage foundation|fox news|love and fidelity network|supreme court justice kagan|nyt|cnn|supreme court|edith|manhattan declaration|gop,catholic|rnc|times|english
americablog,2013-04-01T00:00:00,donna shalala|pete peterson|like nixon|gillon|bowles|david koch|nixon|monica lewinski|jane hamsher|newt gingrich|paul ryan|hamsher|alan greenspan|bill clinton|alan simpson|barack obama|ronald reagan|erskine bowles|simpson|steven gillon|publius tags|peterson|richard trumka,treasuries|wall street|china,monica|big boys|greenspan commission|social security â€ù|obama â€™s|keystone|trust fund treasuries|â€ù social security|obama and social security just|la maison|bush push|keystone sludgepipe|bush ii|trust fund|deficit commission|pharma ceos|social security|social security trust fund|democratic party|danforth commission|reagan|republican party|trust fund ? â€ù|tpp|msnbc,dems|health care|bigs|trans-pacific partnership|neoliberal|post-reagan|medicare|fund|dem
americablog,2013-04-01T00:00:00,keystone pipeline|wabasca heavy|jeffers|mayflower|alan t. jeffers|exxon-mobil â€™s,illinois|alberta|texas|patoka|arkansas,state department|keytstone pipeline|exxon-mobil|keystone xl|keystone|koch brothers|exxon mobil,keytone pipeline|crude monitor web|athabasca
americablog,2013-05-01T00:00:00,dias kadyrbayev|dzhokhar|kadyrbayev|dias|dzhokhar tsarnaev|tsarnaev,boston|chechnya|mit,fbi|suspect #|dzhokhar â€™s|cnn,boston marathon|internet
americablog,2013-05-01T00:00:00,chuck schumer|marco rubio|â€œ likely|jeff flake|latinos|gay|flake|diane feinstein|chris geidner|rubio,buzzfeed|castro|cuba,gang of eight|senate democrats|senator durbin|gop|judiciary committee|uafa|politico,catholic|latino|gay-americans
americablog,2013-05-01T00:00:00,homo|koch|david koch|era|publius tags|jay ackroyd|david kochs|david koch wealthy|avedon carol,cambrian period|mit|cambrian,great dying â€ù|paleogene|copenhagen diagnosis|cambrian ( â€œ cm â€ù|virtually speaking sundays Â |climate change|ipcc|quaternary ( q )|koch bros|age of reptiles|age of mammals|mesozoic era|paleozoic era|intergovernmental panel|cenozoic|cenozoic era|pleistocene epoch|great dying|neogene|quaternary period|holocene|hope & change,mesozoic|climate series|industrial revolution|neogene period
americablog,2013-05-01T00:00:00,kelly ayotte|joe scarborough|erica lafferty|ayotte|dawn hochsprung|lafferty,sandy hook|sandy hook elementary|newtown|christmas,gop|senator,nra
americablog,2013-06-01T00:00:00,sphinx|pyramids,giza|cairo|giza pyramids|egypt,great pyramid|u.s. embassy|world economic forum|us embassy|great sphinx|american university,bedouin
americablog,2013-06-01T00:00:00,jones|â€œ obama|van jones|publius tags,kalamazoo|michigan|canada|china,tea party|â€œ kalamazoo|bring of carbon|keystone pipeline|obama tar sands pipeline|obama â€™s|barack obama tar sands pipeline|keystone|bringer of oil|ofa,pipe-eating
americablog,2013-06-01T00:00:00,david,north africa|nice|france,chris,mediterranean
americablog,2013-07-01T00:00:00,thomas drake|bradley manning|edward joseph snowden|edward snowden,hong kong|russia|moscow,nsa|universal declaration of human rights|wikileaks,european
americablog,2013-07-01T00:00:00,dmitry zykov|glenn greenwald|ilya varlamov|edward snowden,russia|moscow,washington post â€™s|nsa|associated press|interfax|state duma,russians|anti-american
americablog,2013-07-01T00:00:00,attorney general|daniel monterroso|deputy director|bill becker|james dobson|becker|jon davidson|john aravosis|proposition|judge walker|dobson|tony perkins,san diego|california|oakland|governor|los angeles|san francisco,california â€™s proposition|health information and strategic planning â€œ|alliance defense fund|family research council|prop|defense of marriage act|discovery institute|imperial county|supreme court|california supreme court|perry|lambda legal|family|doma|california constitution|registrar of vital statistics|focus|ninth circuit|right wing watch|public health,u.s. constitution|supreme|western|japanese
americablog,2013-07-01T00:00:00,dmitry zykov|glenn greenwald|ilya varlamov|edward snowden,russia|moscow,washington post â€™s|nsa|associated press|interfax|state duma,russians|anti-american
americablog,2013-07-01T00:00:00,attorney general|daniel monterroso|deputy director|bill becker|james dobson|becker|jon davidson|john aravosis|proposition|judge walker|dobson|tony perkins,san diego|california|oakland|governor|los angeles|san francisco,california â€™s proposition|health information and strategic planning â€œ|alliance defense fund|family research council|prop|defense of marriage act|discovery institute|imperial county|supreme court|california supreme court|perry|lambda legal|family|doma|california constitution|registrar of vital statistics|focus|ninth circuit|right wing watch|public health,u.s. constitution|supreme|western|japanese
americablog,2013-07-01T00:00:00,rahm emanuel|lisa graves|publius tags,chicago,center for media and democracy|going public â€ù making,deadlines
americablog,2013-07-01T00:00:00,olympics|gay|dmitry zykov|nina long|vladimir putin|ilya varlamov,paris|sochi|quebec|russia|moscow|los angeles|new york,olympic committee|rusa lgbt|ioc|ria novosti|international olympic committee|lgbt|sister city|human rights watch|state duma,olympic|russian-speaking|winter olympics